{
  "credit": "Made with Blockbench",
  "texture_size": [
    32,
    32
  ],
  "elements": [
    {
      "from": [
        7,
        0,
        7
      ],
      "to": [
        10,
        3,
        9
      ],
      "faces": {
        "north": {
          "uv": [
            6,
            4.5,
            7.5,
            6
          ],
          "texture": "#0"
        },
        "east": {
          "uv": [
            5,
            4.5,
            6,
            6
          ],
          "texture": "#0"
        },
        "south": {
          "uv": [
            8.5,
            4.5,
            10,
            6
          ],
          "texture": "#0"
        },
        "west": {
          "uv": [
            7.5,
            4.5,
            8.5,
            6
          ],
          "texture": "#0"
        },
        "up": {
          "uv": [
            7.5,
            4.5,
            6,
            3.5
          ],
          "texture": "#0"
        },
        "down": {
          "uv": [
            9,
            3.5,
            7.5,
            4.5
          ],
          "texture": "#0"
        }
      }
    },
    {
      "from": [
        7,
        11,
        7.4
      ],
      "to": [
        10,
        14.4,
        8.7
      ],
      "rotation": {
        "angle": 0,
        "axis": "y",
        "origin": [
          0,
          -4,
          0
        ]
      },
      "faces": {
        "north": {
          "uv": [
            5.5,
            6.5,
            7,
            8
          ],
          "texture": "#0"
        },
        "east": {
          "uv": [
            5,
            6.5,
            5.5,
            8
          ],
          "texture": "#0"
        },
        "south": {
          "uv": [
            7.5,
            6.5,
            9,
            8
          ],
          "texture": "#0"
        },
        "west": {
          "uv": [
            7,
            6.5,
            7.5,
            8
          ],
          "texture": "#0"
        },
        "up": {
          "uv": [
            7,
            6.5,
            5.5,
            6
          ],
          "texture": "#0"
        },
        "down": {
          "uv": [
            8.5,
            6,
            7,
            6.5
          ],
          "texture": "#0"
        }
      }
    },
    {
      "from": [
        6,
        13.9,
        8
      ],
      "to": [
        11.1,
        31.8,
        8
      ],
      "rotation": {
        "angle": 0,
        "axis": "y",
        "origin": [
          0,
          0,
          0
        ]
      },
      "faces": {
        "north": {
          "uv": [
            0,
            0,
            2.5,
            8.5
          ],
          "texture": "#0"
        },
        "east": {
          "uv": [
            0,
            0,
            0,
            8.5
          ],
          "texture": "#0"
        },
        "south": {
          "uv": [
            2.5,
            0,
            5,
            8.5
          ],
          "texture": "#0"
        },
        "west": {
          "uv": [
            2.5,
            0,
            2.5,
            8.5
          ],
          "texture": "#0"
        },
        "up": {
          "uv": [
            2.5,
            0,
            0,
            0
          ],
          "texture": "#0"
        },
        "down": {
          "uv": [
            5,
            0,
            2.5,
            0
          ],
          "texture": "#0"
        }
      }
    },
    {
      "from": [
        3.59497,
        29.7,
        8
      ],
      "to": [
        13.59497,
        32,
        8
      ],
      "rotation": {
        "angle": 0,
        "axis": "y",
        "origin": [
          0.09497,
          0.01041,
          0
        ]
      },
      "faces": {
        "north": {
          "uv": [
            5,
            0,
            10,
            1
          ],
          "texture": "#0"
        },
        "east": {
          "uv": [
            5,
            0,
            5,
            1
          ],
          "texture": "#0"
        },
        "south": {
          "uv": [
            10,
            0,
            15,
            1
          ],
          "texture": "#0"
        },
        "west": {
          "uv": [
            10,
            0,
            10,
            1
          ],
          "texture": "#0"
        },
        "up": {
          "uv": [
            10,
            0,
            5,
            0
          ],
          "texture": "#0"
        },
        "down": {
          "uv": [
            15,
            0,
            10,
            0
          ],
          "texture": "#0"
        }
      }
    },
    {
      "from": [
        12.84056,
        30.0005,
        8
      ],
      "to": [
        14.44056,
        31.6005,
        8
      ],
      "rotation": {
        "angle": -45,
        "axis": "z",
        "origin": [
          13.7,
          30.88959,
          8
        ]
      },
      "faces": {
        "north": {
          "uv": [
            5,
            4,
            5.5,
            4.5
          ],
          "texture": "#0"
        },
        "east": {
          "uv": [
            5,
            4,
            5,
            4.5
          ],
          "texture": "#0"
        },
        "south": {
          "uv": [
            5.5,
            4,
            6,
            4.5
          ],
          "texture": "#0"
        },
        "west": {
          "uv": [
            5.5,
            4,
            5.5,
            4.5
          ],
          "texture": "#0"
        },
        "up": {
          "uv": [
            5.5,
            4,
            5,
            4
          ],
          "texture": "#0"
        },
        "down": {
          "uv": [
            6,
            4,
            5.5,
            4
          ],
          "texture": "#0"
        }
      }
    },
    {
      "from": [
        2.76949,
        30.04903,
        8
      ],
      "to": [
        4.36949,
        31.64903,
        8
      ],
      "rotation": {
        "angle": 45,
        "axis": "z",
        "origin": [
          3.55858,
          30.88959,
          8
        ]
      },
      "faces": {
        "north": {
          "uv": [
            5,
            3.5,
            5.5,
            4
          ],
          "texture": "#0"
        },
        "east": {
          "uv": [
            5,
            3.5,
            5,
            4
          ],
          "texture": "#0"
        },
        "south": {
          "uv": [
            5.5,
            3.5,
            6,
            4
          ],
          "texture": "#0"
        },
        "west": {
          "uv": [
            5.5,
            3.5,
            5.5,
            4
          ],
          "texture": "#0"
        },
        "up": {
          "uv": [
            5.5,
            3.5,
            5,
            3.5
          ],
          "texture": "#0"
        },
        "down": {
          "uv": [
            6,
            3.5,
            5.5,
            3.5
          ],
          "texture": "#0"
        }
      }
    },
    {
      "from": [
        7.6,
        3,
        7.3
      ],
      "to": [
        9.4,
        8,
        8.7
      ],
      "faces": {
        "north": {
          "uv": [
            10,
            9,
            10.5,
            11.5
          ],
          "texture": "#0"
        },
        "east": {
          "uv": [
            9.5,
            9,
            10,
            11.5
          ],
          "texture": "#0"
        },
        "south": {
          "uv": [
            11,
            9,
            11.5,
            11.5
          ],
          "texture": "#0"
        },
        "west": {
          "uv": [
            10.5,
            9,
            11,
            11.5
          ],
          "texture": "#0"
        },
        "up": {
          "uv": [
            10.5,
            9,
            10,
            8.5
          ],
          "texture": "#0"
        },
        "down": {
          "uv": [
            11,
            8.5,
            10.5,
            9
          ],
          "texture": "#0"
        }
      }
    },
    {
      "from": [
        6.5,
        7.6,
        7.2
      ],
      "to": [
        10.5,
        11.6,
        8.8
      ],
      "rotation": {
        "angle": -45,
        "axis": "z",
        "origin": [
          8.5,
          9.6,
          8
        ]
      },
      "faces": {
        "north": {
          "uv": [
            5.5,
            1.5,
            7.5,
            3.5
          ],
          "texture": "#0"
        },
        "east": {
          "uv": [
            5,
            1.5,
            5.5,
            3.5
          ],
          "texture": "#0"
        },
        "south": {
          "uv": [
            8,
            1.5,
            10,
            3.5
          ],
          "texture": "#0"
        },
        "west": {
          "uv": [
            7.5,
            1.5,
            8,
            3.5
          ],
          "texture": "#0"
        },
        "up": {
          "uv": [
            7.5,
            1.5,
            5.5,
            1
          ],
          "texture": "#0"
        },
        "down": {
          "uv": [
            9.5,
            1,
            7.5,
            1.5
          ],
          "texture": "#0"
        }
      }
    },
    {
      "from": [
        4.7,
        9.05,
        7.55
      ],
      "to": [
        7.2,
        10.05,
        8.55
      ],
      "rotation": {
        "angle": 0,
        "axis": "y",
        "origin": [
          0,
          -4,
          0
        ]
      },
      "faces": {
        "north": {
          "uv": [
            0.5,
            10.5,
            1.5,
            11
          ],
          "texture": "#0"
        },
        "east": {
          "uv": [
            0,
            10.5,
            0.5,
            11
          ],
          "texture": "#0"
        },
        "south": {
          "uv": [
            2,
            10.5,
            3,
            11
          ],
          "texture": "#0"
        },
        "west": {
          "uv": [
            1.5,
            10.5,
            2,
            11
          ],
          "texture": "#0"
        },
        "up": {
          "uv": [
            1.5,
            10.5,
            0.5,
            10
          ],
          "texture": "#0"
        },
        "down": {
          "uv": [
            2.5,
            10,
            1.5,
            10.5
          ],
          "texture": "#0"
        }
      }
    },
    {
      "from": [
        9.7,
        9.05,
        7.55
      ],
      "to": [
        12.2,
        10.05,
        8.55
      ],
      "rotation": {
        "angle": 0,
        "axis": "y",
        "origin": [
          0,
          -4,
          0
        ]
      },
      "faces": {
        "north": {
          "uv": [
            4,
            10,
            5,
            10.5
          ],
          "texture": "#0"
        },
        "east": {
          "uv": [
            3.5,
            10,
            4,
            10.5
          ],
          "texture": "#0"
        },
        "south": {
          "uv": [
            5.5,
            10,
            6.5,
            10.5
          ],
          "texture": "#0"
        },
        "west": {
          "uv": [
            5,
            10,
            5.5,
            10.5
          ],
          "texture": "#0"
        },
        "up": {
          "uv": [
            5,
            10,
            4,
            9.5
          ],
          "texture": "#0"
        },
        "down": {
          "uv": [
            6,
            9.5,
            5,
            10
          ],
          "texture": "#0"
        }
      }
    },
    {
      "from": [
        8.7,
        12.05,
        7.55
      ],
      "to": [
        11.2,
        13.95,
        8.55
      ],
      "rotation": {
        "angle": 0,
        "axis": "y",
        "origin": [
          0,
          -4.5,
          0
        ]
      },
      "faces": {
        "north": {
          "uv": [
            9.5,
            6.5,
            10.5,
            7
          ],
          "texture": "#0"
        },
        "east": {
          "uv": [
            9,
            6.5,
            9.5,
            7
          ],
          "texture": "#0"
        },
        "south": {
          "uv": [
            11,
            6.5,
            12,
            7
          ],
          "texture": "#0"
        },
        "west": {
          "uv": [
            10.5,
            6.5,
            11,
            7
          ],
          "texture": "#0"
        },
        "up": {
          "uv": [
            10.5,
            6.5,
            9.5,
            6
          ],
          "texture": "#0"
        },
        "down": {
          "uv": [
            11.5,
            6,
            10.5,
            6.5
          ],
          "texture": "#0"
        }
      }
    },
    {
      "from": [
        5.7,
        12.05,
        7.55
      ],
      "to": [
        8.2,
        13.95,
        8.55
      ],
      "rotation": {
        "angle": 0,
        "axis": "y",
        "origin": [
          0,
          -4.5,
          0
        ]
      },
      "faces": {
        "north": {
          "uv": [
            9.5,
            4,
            10.5,
            4.5
          ],
          "texture": "#0"
        },
        "east": {
          "uv": [
            9,
            4,
            9.5,
            4.5
          ],
          "texture": "#0"
        },
        "south": {
          "uv": [
            11,
            4,
            12,
            4.5
          ],
          "texture": "#0"
        },
        "west": {
          "uv": [
            10.5,
            4,
            11,
            4.5
          ],
          "texture": "#0"
        },
        "up": {
          "uv": [
            10.5,
            4,
            9.5,
            3.5
          ],
          "texture": "#0"
        },
        "down": {
          "uv": [
            11.5,
            3.5,
            10.5,
            4
          ],
          "texture": "#0"
        }
      }
    },
    {
      "from": [
        10.34092,
        10.16429,
        7.55
      ],
      "to": [
        13.94092,
        12.16429,
        8.55
      ],
      "rotation": {
        "angle": -45,
        "axis": "z",
        "origin": [
          12.926,
          12.02014,
          7.95
        ]
      },
      "faces": {
        "north": {
          "uv": [
            5,
            8.5,
            6.5,
            9.5
          ],
          "texture": "#0"
        },
        "east": {
          "uv": [
            4.5,
            8.5,
            5,
            9.5
          ],
          "texture": "#0"
        },
        "south": {
          "uv": [
            7,
            8.5,
            8.5,
            9.5
          ],
          "texture": "#0"
        },
        "west": {
          "uv": [
            6.5,
            8.5,
            7,
            9.5
          ],
          "texture": "#0"
        },
        "up": {
          "uv": [
            6.5,
            8.5,
            5,
            8
          ],
          "texture": "#0"
        },
        "down": {
          "uv": [
            8,
            8,
            6.5,
            8.5
          ],
          "texture": "#0"
        }
      }
    },
    {
      "from": [
        12.92774,
        12.99817,
        7.55
      ],
      "to": [
        14.32774,
        14.49817,
        8.55
      ],
      "rotation": {
        "angle": -45,
        "axis": "z",
        "origin": [
          12.11283,
          12.90402,
          8
        ]
      },
      "faces": {
        "north": {
          "uv": [
            7,
            10,
            7.5,
            10.5
          ],
          "texture": "#0"
        },
        "east": {
          "uv": [
            6.5,
            10,
            7,
            10.5
          ],
          "texture": "#0"
        },
        "south": {
          "uv": [
            8,
            10,
            8.5,
            10.5
          ],
          "texture": "#0"
        },
        "west": {
          "uv": [
            7.5,
            10,
            8,
            10.5
          ],
          "texture": "#0"
        },
        "up": {
          "uv": [
            7.5,
            10,
            7,
            9.5
          ],
          "texture": "#0"
        },
        "down": {
          "uv": [
            8,
            9.5,
            7.5,
            10
          ],
          "texture": "#0"
        }
      }
    },
    {
      "from": [
        3.00294,
        10.1701,
        7.55
      ],
      "to": [
        6.60294,
        12.1701,
        8.55
      ],
      "rotation": {
        "angle": 45,
        "axis": "z",
        "origin": [
          4.00294,
          11.9701,
          8.05
        ]
      },
      "faces": {
        "north": {
          "uv": [
            1.5,
            10,
            3,
            11
          ],
          "texture": "#0"
        },
        "east": {
          "uv": [
            1,
            10,
            1.5,
            11
          ],
          "texture": "#0"
        },
        "south": {
          "uv": [
            3.5,
            10,
            5,
            11
          ],
          "texture": "#0"
        },
        "west": {
          "uv": [
            3,
            10,
            3.5,
            11
          ],
          "texture": "#0"
        },
        "up": {
          "uv": [
            3,
            10,
            1.5,
            9.5
          ],
          "texture": "#0"
        },
        "down": {
          "uv": [
            4.5,
            9.5,
            3,
            10
          ],
          "texture": "#0"
        }
      }
    },
    {
      "from": [
        3.21109,
        13.16759,
        7.45
      ],
      "to": [
        4.61109,
        14.66759,
        8.55
      ],
      "rotation": {
        "angle": 45,
        "axis": "z",
        "origin": [
          5.31109,
          12.21759,
          8
        ]
      },
      "faces": {
        "north": {
          "uv": [
            11.5,
            2.5,
            12,
            3
          ],
          "texture": "#0"
        },
        "east": {
          "uv": [
            11,
            2.5,
            11.5,
            3
          ],
          "texture": "#0"
        },
        "south": {
          "uv": [
            12.5,
            2.5,
            13,
            3
          ],
          "texture": "#0"
        },
        "west": {
          "uv": [
            12,
            2.5,
            12.5,
            3
          ],
          "texture": "#0"
        },
        "up": {
          "uv": [
            12,
            2.5,
            11.5,
            2
          ],
          "texture": "#0"
        },
        "down": {
          "uv": [
            12.5,
            2,
            12,
            2.5
          ],
          "texture": "#0"
        }
      }
    }
  ],
  "display": {
    "thirdperson_righthand": {
      "rotation": [
        44,
        88.54,
        -43.77
      ],
      "translation": [
        0,
        1.75,
        1.5
      ],
      "scale": [
        1,
        1.00977,
        1
      ]
    },
    "thirdperson_lefthand": {
      "rotation": [
        118,
        -88,
        118
      ],
      "translation": [
        0,
        2,
        1.75
      ]
    },
    "firstperson_righthand": {
      "rotation": [
        -6,
        -81,
        0
      ],
      "translation": [
        0,
        -4.5,
        0
      ]
    },
    "firstperson_lefthand": {
      "rotation": [
        -179.75,
        86,
        174
      ],
      "translation": [
        0,
        -4.75,
        0
      ]
    },
    "ground": {
      "rotation": [
        1,
        180,
        180
      ],
      "translation": [
        0,
        10,
        1
      ]
    },
    "gui": {
      "rotation": [
        0,
        0,
        -34.75
      ],
      "translation": [
        -2.5,
        -4,
        0
      ],
      "scale": [
        0.55078,
        0.48438,
        1
      ]
    },
    "head": {
      "scale": [
        0.15039,
        0.16406,
        1
      ]
    },
    "fixed": {
      "translation": [
        0,
        -4.75,
        -1
      ],
      "scale": [
        0.50547,
        0.50742,
        0.4
      ]
    }
  },
  "groups": [
    0,
    1,
    2,
    3,
    4,
    5,
    6,
    7,
    8,
    9,
    10,
    11,
    {
      "name": "верхняя гарда 1",
      "origin": [
        8,
        8,
        8
      ],
      "color": 0,
      "children": [
        12,
        13
      ]
    },
    {
      "name": "верхняя гарда 2",
      "origin": [
        8,
        8,
        8
      ],
      "color": 0,
      "children": [
        14,
        15
      ]
    }
  ]
}