{
  "_fv": 43,
  "_type": "item",
  "definition": {
    "renderType": 1,
    "texture": "rgwrgwr",
    "customModelName": "the_crucible_of_the_executioner:default",
    "name": "Advanced Crusible Handle",
    "rarity": "EPIC",
    "creativeTab": {
      "value": "MATERIALS"
    },
    "stackSize": 1,
    "enchantability": 0,
    "useDuration": 0,
    "toolType": 1.0,
    "damageCount": 0,
    "recipeRemainder": {
      "value": ""
    },
    "destroyAnyBlock": false,
    "immuneToFire": true,
    "stayInGridWhenCrafting": false,
    "damageOnCrafting": false,
    "enableMeleeDamage": false,
    "damageVsEntity": 0.0,
    "specialInfo": [
      "The power of this item is dormant",
      "charge it with argent energy to awaken its full potential"
    ],
    "hasGlow": true,
    "guiBoundTo": "<NONE>",
    "inventorySize": 9,
    "inventoryStackSize": 64,
    "onRightClickedInAir": {
      "name": "AdvancedCrusibleHandlePriShchielchkiePKM"
    },
    "isFood": false,
    "nutritionalValue": 4,
    "saturation": 0.3,
    "eatResultItem": {
      "value": ""
    },
    "isMeat": false,
    "isAlwaysEdible": false,
    "animation": "none"
  }
}