{
  "_fv": 43,
  "_type": "item",
  "definition": {
    "renderType": 1,
    "texture": "5eyrteer",
    "customModelName": "the_crucible_of_the_execution:default",
    "name": "Crucible Handle",
    "rarity": "RARE",
    "creativeTab": {
      "value": "MATERIALS"
    },
    "stackSize": 64,
    "enchantability": 0,
    "useDuration": 0,
    "toolType": 1.0,
    "damageCount": 0,
    "recipeRemainder": {
      "value": ""
    },
    "destroyAnyBlock": false,
    "immuneToFire": true,
    "stayInGridWhenCrafting": false,
    "damageOnCrafting": false,
    "enableMeleeDamage": false,
    "damageVsEntity": 0.0,
    "specialInfo": [
      "A rare artifact capable of creating a weapon that destroys Titans",
      "to activate it he needs the mark of the executioner and argent energy"
    ],
    "hasGlow": false,
    "guiBoundTo": "<NONE>",
    "inventorySize": 9,
    "inventoryStackSize": 64,
    "isFood": false,
    "nutritionalValue": 4,
    "saturation": 0.3,
    "eatResultItem": {
      "value": ""
    },
    "isMeat": false,
    "isAlwaysEdible": false,
    "animation": "none"
  }
}