{
  "_fv": 43,
  "_type": "rangeditem",
  "definition": {
    "renderType": 1,
    "texture": "heavygun",
    "customModelName": "heavygun:default",
    "name": "Heavy Gun",
    "specialInfo": [],
    "creativeTab": {
      "value": "No creative tab entry"
    },
    "stackSize": 1,
    "ammoItem": {
      "value": ""
    },
    "shootConstantly": true,
    "usageCount": 64,
    "actionSound": {
      "value": ""
    },
    "hasGlow": false,
    "animation": "none",
    "enableMeleeDamage": false,
    "damageVsEntity": 0.0,
    "onRangedItemUsed": {
      "name": "HeavyGunUsagePoslieIspolzovaniiaSnariada"
    },
    "bulletPower": 3.0,
    "bulletDamage": 8.0,
    "bulletKnockback": 0,
    "bulletParticles": false,
    "bulletIgnitesFire": false,
    "bulletItemTexture": {
      "value": "Items.SNOWBALL"
    },
    "bulletModel": "Default",
    "customBulletModelTexture": ""
  }
}