{
  "_fv": 43,
  "_type": "tool",
  "definition": {
    "renderType": 1,
    "texture": "ieuchie",
    "customModelName": "the_crucible_of_:default",
    "name": "The Crucible",
    "specialInfo": [],
    "creativeTab": {
      "value": "COMBAT"
    },
    "toolType": "Sword",
    "harvestLevel": 6,
    "efficiency": 1.0,
    "attackSpeed": 1.6,
    "enchantability": 2,
    "damageVsEntity": 1000.0,
    "usageCount": 3,
    "blocksAffected": [],
    "hasGlow": false,
    "repairItems": [],
    "immuneToFire": true,
    "stayInGridWhenCrafting": false,
    "damageOnCrafting": false,
    "onCrafted": {
      "name": "CruciblePriPoluchieniiPriedmietaPoRietsieptu"
    },
    "onEntityHitWith": {
      "name": "CruciblePriShchielchkiePKMPoBloku"
    },
    "onItemInUseTick": {
      "name": "CrucibleKazhdyiTikVRukie"
    }
  }
}