x,y,z,uuid,type,alive,display_name,custom_name
-418.7210694413541,60.0,1123.5946747105932,1dc55782-3c00-3ed4-bf8b-76d4c6d9cc47,minecraft:player,true,Player659,[null]
-450.3544914265701,62.0,1141.643828838503,02ffbdf8-9c2d-49ae-9954-084a866f5455,minecraft:enderman,true,Эндермен,[null]
-407.90545834876417,57.0,1165.8937677026734,f9320eb5-3b80-4a12-896e-2668ab663548,minecraft:enderman,true,Эндермен,[null]
-421.28002901725796,59.0,1144.2801446860253,5ed31396-173b-4f83-a145-7eeaa5c6636a,minecraft:enderman,true,Эндермен,[null]
-453.93477107180155,57.0,1176.2113594893704,2f36201e-ac3d-45db-959a-bc2f9a49f4b6,minecraft:enderman,true,Эндермен,[null]
-464.3231989189295,57.0,1166.4963991980178,a69840ab-bd7a-44fc-a756-5c78c1ef904b,minecraft:enderman,true,Эндермен,[null]
-449.71640615311543,57.0,1177.7325092737415,69ff1a1c-70b5-4a41-8893-e8d660769df8,minecraft:enderman,true,Эндермен,[null]
-445.5082271840922,43.0,1083.3972530611018,901cb71f-902a-413b-8b40-bb5fb0bf988b,minecraft:enderman,true,Эндермен,[null]
-459.6457614656718,61.0,1101.3452670378172,6f678781-396c-40e1-8ec7-0fe3db131ef2,minecraft:enderman,true,Эндермен,[null]
-457.7107242917133,61.0,1101.289210965971,322bdaee-86e7-41f0-a7d3-33456728eccc,minecraft:enderman,true,Эндермен,[null]
-466.6818697441416,61.0,1091.333533577141,a5dc0032-55ac-4603-9e12-27b2d98df15d,minecraft:enderman,true,Эндермен,[null]
-469.6286475208363,50.0,1060.6605355303689,363e2b67-bf56-4955-9b95-d7fb3b5421e1,minecraft:enderman,true,Эндермен,[null]
-475.5,63.0,1126.5,495d7495-d52c-4ce5-9e35-ee55aa69d9dc,minecraft:enderman,true,Эндермен,[null]
-480.3307059266829,62.0,1129.3375404154676,170318bd-794d-4499-b4b0-05886da612f1,minecraft:enderman,true,Эндермен,[null]
-474.5,63.0,1125.5,40fefad0-71b0-445f-ba83-fca7e45ccd73,minecraft:enderman,true,Эндермен,[null]
-476.3431340739918,63.0,1126.639293329909,4a192545-9c3e-484c-bf24-cf273f6127cb,minecraft:enderman,true,Эндермен,[null]
-410.8513686289381,60.0,1136.5735240703102,2e1ddc6c-8d26-45ef-8669-9e1c90076435,minecraft:enderman,true,Эндермен,[null]
-392.436754957306,55.0,1147.5461930664826,1cc2453f-5234-4825-b646-922eec6de484,minecraft:enderman,true,Эндермен,[null]
-486.3390990098799,60.0,1080.6599390878453,ec05a84a-2346-427c-a2af-204a73fa0db2,minecraft:enderman,true,Эндермен,[null]
-492.2572056754153,62.0,1093.2574624231388,6ab50e14-068f-443f-8e97-6ff30cc5cf9f,minecraft:enderman,true,Эндермен,[null]
-426.33575932615315,58.0,1095.3362823704917,6318c710-6354-4d6d-a2a2-ba941e97c78f,minecraft:enderman,true,Эндермен,[null]
-424.3510330564931,60.0,1142.646186413526,b6357b1e-3b9b-4e5b-9bf4-90a2f0fdf9e8,minecraft:enderman,true,Эндермен,[null]
-406.34691937475753,60.0,1134.4984638798658,81a26ab6-da34-4cd6-a4f3-1b7523ef89aa,minecraft:enderman,true,Эндермен,[null]
-390.36448062441,54.0,1147.816103041091,d740d547-fc1f-4f2f-af13-f9c2bf4c7602,minecraft:enderman,true,Эндермен,[null]
-452.346650377593,35.0,1175.6331978730807,32b777dc-4347-47ab-bf87-ef2c1ca1a617,minecraft:enderman,true,Эндермен,[null]
-477.5748006319374,61.0,1085.9253571167183,44e8e0de-dd88-46ec-a17e-1a3a79c81186,minecraft:enderman,true,Эндермен,[null]
-450.29564773155306,62.0,1140.4997035676606,c3bfc130-3c63-4551-b179-a54343a9e1ff,minecraft:enderman,true,Эндермен,[null]
-456.15426564554673,62.0,1121.5955644158912,151f4e0a-66fd-4646-9fa0-00c8d614e451,minecraft:enderman,true,Эндермен,[null]
-462.54775136638284,59.0,1159.739627288082,05f798aa-c7ec-47a8-9bb5-89365b2c2173,minecraft:enderman,true,Эндермен,[null]
-401.5,38.0,1159.5,15e5db51-e5b8-438f-85e5-36aafe19512e,minecraft:enderman,true,Эндермен,[null]
-435.5,34.0,1170.5,d3150dc1-09dc-4aa6-8caa-d283e954dd21,minecraft:enderman,true,Эндермен,[null]
-415.71826723010497,61.0,1126.7177192493352,6b612318-288f-47fc-96ed-319ddb634f86,minecraft:enderman,true,Эндермен,[null]
-445.3241697682288,62.0,1142.3272064663079,996c7d29-648a-4491-ac41-da3644d60b98,minecraft:enderman,true,Эндермен,[null]
-441.27621695667244,60.0,1147.7358694245243,f849b4f7-6c5e-4d8d-a9d1-c8e76313a6e8,minecraft:enderman,true,Эндермен,[null]
-412.363160645102,59.0,1155.3639599379803,9f5175c0-5c4b-4c00-8ccb-7b41c42a7124,minecraft:enderman,true,Эндермен,[null]
-447.7311336472103,60.0,1096.2600827045449,5304b010-e40d-4946-9597-ed8233250abc,minecraft:enderman,true,Эндермен,[null]
-443.23336833926186,62.0,1115.7604437142252,587969ef-33b1-48b0-8632-1626031c70a6,minecraft:enderman,true,Эндермен,[null]
-450.27816605556245,63.0,1131.4992564655306,100e42a6-9f13-41b1-b492-b46dceb508af,minecraft:enderman,true,Эндермен,[null]
-443.503109684418,62.0,1113.4447437987856,f12d5d1e-b13e-4eca-a07e-6e5b95d415ba,minecraft:enderman,true,Эндермен,[null]
-458.5,59.0,1016.5,4784db84-8c24-41f9-99f3-a5d1ffbb00d4,minecraft:enderman,true,Эндермен,[null]
-895.5,64.0,1332.5,d9bfad57-73ef-494b-9212-c35f3585856c,minecraft:shulker,true,Шалкер,[null]
-895.5,64.0,1329.5,eeeed7c0-755b-4311-a9c4-cf859d09bea1,minecraft:shulker,true,Шалкер,[null]
-868.5,92.0,1647.5,e0853baa-c6f1-4102-acfd-bba42420c65b,minecraft:shulker,true,Шалкер,[null]
-868.5,100.0,1647.5,f1396acc-b206-46b9-8942-41e18f1edbfa,minecraft:shulker,true,Шалкер,[null]
-868.5,108.0,1647.5,f48b41b2-99d9-4e3c-9bc3-dcf9f077186a,minecraft:shulker,true,Шалкер,[null]
-900.5,93.0,1331.5,6764b87c-8b25-4059-9738-68eee585c9a6,minecraft:shulker,true,Шалкер,[null]
-902.5,85.0,1309.5,e11e7fed-9e6a-4411-a49d-bd752be8fc54,minecraft:shulker,true,Шалкер,[null]
-899.5,88.0,1306.5,4d143ddf-d6d7-4d24-8557-7cd654918790,minecraft:shulker,true,Шалкер,[null]
-840.5,120.0,1649.5,91793410-412a-423f-b6df-79c2979a5d6e,minecraft:shulker,true,Шалкер,[null]
-840.5,120.0,1652.5,abbca9e2-c685-41e6-9154-6396a495fd94,minecraft:shulker,true,Шалкер,[null]
-868.5,92.0,1655.5,b3a139aa-3f9e-4dab-8d95-dc8b45f63d5a,minecraft:shulker,true,Шалкер,[null]
-872.5,96.0,1651.5,b84e11d0-5c3d-4b9a-9455-a17f26d0ab39,minecraft:shulker,true,Шалкер,[null]
-864.5,96.0,1651.5,30e7b578-fb9e-46b1-98fa-383ee32669a2,minecraft:shulker,true,Шалкер,[null]
-868.5,100.0,1655.5,f89941a4-d2cf-4230-b5e2-d8a822d73c3b,minecraft:shulker,true,Шалкер,[null]
-872.5,104.0,1651.5,da36c574-fe28-40c6-9a30-3329118167b1,minecraft:shulker,true,Шалкер,[null]
-864.5,104.0,1651.5,429fea88-0dcc-4ae2-b89a-3f7dac799cf8,minecraft:shulker,true,Шалкер,[null]
-868.5,108.0,1655.5,53a2639e-abb7-4299-a7b8-02f414ee5575,minecraft:shulker,true,Шалкер,[null]
-872.5,112.0,1651.5,0d03d75c-d94e-4ed2-9b31-1001be556b87,minecraft:shulker,true,Шалкер,[null]
-864.5,112.0,1651.5,e5c0cb4c-1c2e-449a-9295-157435fc5779,minecraft:shulker,true,Шалкер,[null]
-863.5,64.0,1652.5,5a9b2035-228b-4385-9509-a3bb7bc2e453,minecraft:shulker,true,Шалкер,[null]
-863.5,64.0,1649.5,f534dccd-0a6d-4dc9-8008-62424f99d8bf,minecraft:shulker,true,Шалкер,[null]
-501.6882472758972,62.0,1151.2155718091763,d82b0cdf-1d60-4951-b9b4-f9449a0e274f,minecraft:enderman,true,Эндермен,[null]
-500.47190415266454,62.0,1151.4052580158407,85c8cebf-f516-4cdc-b98d-aac8a9411d33,minecraft:enderman,true,Эндермен,[null]
-509.2716196778723,64.0,1134.724376460662,0a32f5e1-9b1b-4582-a03b-1fd405545291,minecraft:enderman,true,Эндермен,[null]
-507.241946848,62.0,1149.2375912041832,f18634f0-28ab-4b96-9327-dcef35d4ee78,minecraft:enderman,true,Эндермен,[null]
-472.5,64.0,1104.5,cd5fff4d-48d5-4c77-9a9a-d0ac2fb9198b,minecraft:enderman,true,Эндермен,[null]
-477.22684508048565,64.0,1102.7731549195141,3eb793b1-e4f3-4bcb-8c97-fc45d1d55337,minecraft:enderman,true,Эндермен,[null]
-475.5,64.0,1112.5,0654007c-e842-490d-a282-c0942bfd1f85,minecraft:enderman,true,Эндермен,[null]
-471.73345394768245,64.0,1116.2826540312662,fc71d3f0-4fc5-4a37-8587-248764781ab4,minecraft:enderman,true,Эндермен,[null]
-396.5,34.0,1156.5,5d58efc9-5268-4438-9d11-2144ec711be5,minecraft:enderman,true,Эндермен,[null]
-451.5,62.0,1114.5,90a75fe6-a604-46b5-8e83-819b83173d84,minecraft:enderman,true,Эндермен,[null]
-452.5,62.0,1113.5,76a7e957-1261-4a0a-9211-4c1ac6154317,minecraft:enderman,true,Эндермен,[null]
-451.5,62.0,1109.5,b0142a37-b77e-4801-adc6-93c4a8805239,minecraft:enderman,true,Эндермен,[null]
-454.5,62.0,1107.5,8d9b20de-1858-4ccc-8cf0-e923b1696e21,minecraft:enderman,true,Эндермен,[null]
