x,y,z,visibility,load_status,entity_count
-29,3,69,TICKING,LOADED,4
-29,3,63,TICKING,LOADED,1
-57,5,83,TICKING,LOADED,1
-55,5,103,TRACKED,LOADED,1
-55,6,103,TRACKED,LOADED,6
-55,7,103,TRACKED,LOADED,2
-30,3,70,TICKING,LOADED,3
-30,3,72,TICKING,LOADED,1
-30,3,66,TICKING,LOADED,1
-28,3,68,TICKING,LOADED,1
-54,4,103,TRACKED,LOADED,2
-26,3,71,TICKING,LOADED,1
-30,3,68,TICKING,LOADED,1
-30,4,68,TICKING,LOADED,1
-32,3,71,TICKING,LOADED,3
-31,3,68,TICKING,LOADED,1
-31,3,70,TICKING,LOADED,1
-27,3,71,TICKING,LOADED,2
-27,3,70,TICKING,LOADED,1
-29,2,73,TICKING,LOADED,1
-29,3,73,TICKING,LOADED,2
-29,3,71,TICKING,LOADED,2
-29,3,72,TICKING,LOADED,1
-57,5,81,TICKING,LOADED,2
-55,5,102,TICKING,LOADED,1
-55,6,102,TICKING,LOADED,2
-28,3,69,TICKING,LOADED,2
-53,7,103,TRACKED,LOADED,2
-28,2,67,TICKING,LOADED,1
-30,4,69,TICKING,LOADED,3
-28,3,71,TICKING,LOADED,2
-28,2,73,TICKING,LOADED,1
-30,3,67,TICKING,LOADED,1
-27,3,68,TICKING,LOADED,1
-26,2,72,TICKING,LOADED,1
-26,3,72,TICKING,LOADED,2
-26,3,70,TICKING,LOADED,2
-32,4,70,TICKING,LOADED,1
-25,3,71,TICKING,LOADED,2
-25,2,72,TICKING,LOADED,1
-31,3,67,TICKING,LOADED,1
-56,4,83,TICKING,LOADED,2
-29,3,68,TICKING,LOADED,2
-29,3,70,TICKING,LOADED,2
