{
	"format_version": "1.8.0",
	"animations": {
		"animation.HeavyGun.idle": {
			"loop": true,
			"animation_length": 0.5,
			"bones": {
				"Gun": {
					"position": {
						"0.0417": {
							"vector": {
								"vector": [1, 0, 0]
							}
						},
						"0.0833": {
							"vector": {
								"vector": [2, 0, 0]
							}
						},
						"0.125": {
							"vector": {
								"vector": [1, 0, 0]
							}
						},
						"0.1667": {
							"vector": {
								"vector": [0, 0, 0]
							}
						}
					}
				},
				"fire": {
					"rotation": {
						"0.0": {
							"vector": {
								"vector": [0, 0, 0]
							}
						},
						"0.0417": {
							"vector": {
								"vector": [0, 0, -2.5]
							}
						},
						"0.0833": {
							"vector": {
								"vector": [0, 0, 1.25]
							}
						},
						"0.125": {
							"vector": {
								"vector": [0, 0, 0]
							}
						}
					},
					"position": {
						"0.0": {
							"vector": {
								"vector": [4, 0, 0]
							}
						},
						"0.0417": {
							"vector": {
								"vector": [-14, 0, 0]
							}
						},
						"0.0833": {
							"vector": {
								"vector": [-15, 0, 0]
							}
						},
						"0.125": {
							"vector": {
								"vector": [-9, 0, 0]
							}
						},
						"0.1667": {
							"vector": {
								"vector": [1, 0, 0]
							}
						}
					}
				}
			}
		}
	}
}