x,y,z,type
27,-28,116,minecraft:mob_spawner
90,-33,128,minecraft:mob_spawner
71,-45,159,minecraft:mob_spawner
-66,-51,163,minecraft:mob_spawner
-109,-34,-54,minecraft:mob_spawner
-38,14,-71,minecraft:mob_spawner
150,-18,-101,minecraft:mob_spawner
-147,-11,-63,minecraft:mob_spawner
155,-24,-117,minecraft:mob_spawner
-176,-40,80,minecraft:mob_spawner
-83,4,-123,minecraft:mob_spawner
43,-47,-141,minecraft:mob_spawner
-181,-10,-50,minecraft:mob_spawner
166,7,245,minecraft:mob_spawner
-164,-14,242,minecraft:mob_spawner
27,-13,271,minecraft:mob_spawner
29,-40,-149,minecraft:mob_spawner
222,-2,232,minecraft:mob_spawner
230,-34,224,minecraft:mob_spawner
-220,8,61,minecraft:mob_spawner
160,8,285,minecraft:mob_spawner
236,-54,-160,minecraft:mob_spawner
216,-32,-173,minecraft:mob_spawner
67,-34,-179,minecraft:mob_spawner
91,-15,290,minecraft:mob_spawner
189,-48,293,minecraft:mob_spawner
-101,-33,-195,minecraft:mob_spawner
170,16,-200,minecraft:mob_spawner
119,15,-204,minecraft:mob_spawner
144,-5,316,minecraft:mob_spawner
-256,-25,-71,minecraft:mob_spawner
-253,33,87,minecraft:mob_spawner
-242,-32,92,minecraft:mob_spawner
-249,86,213,minecraft:bell
-241,86,213,minecraft:bell
20,-5,316,minecraft:mob_spawner
118,-34,324,minecraft:mob_spawner
-163,-16,330,minecraft:mob_spawner
-215,65,331,minecraft:beehive
293,-30,287,minecraft:mob_spawner
89,-54,357,minecraft:mob_spawner
234,-47,363,minecraft:mob_spawner
-92,28,-219,minecraft:mob_spawner
110,-53,-211,minecraft:mob_spawner
145,19,-220,minecraft:mob_spawner
305,-28,339,minecraft:mob_spawner
310,-21,98,minecraft:mob_spawner
262,-53,-220,minecraft:mob_spawner
327,-17,142,minecraft:mob_spawner
335,-33,18,minecraft:mob_spawner
333,26,-64,minecraft:mob_spawner
-56,25,-240,minecraft:mob_spawner
347,-46,-9,minecraft:mob_spawner
-141,65,388,minecraft:beehive
-115,-16,394,minecraft:mob_spawner
-84,25,388,minecraft:mob_spawner
-89,-35,399,minecraft:mob_spawner
227,-12,397,minecraft:mob_spawner
269,-42,392,minecraft:mob_spawner
-96,30,-242,minecraft:mob_spawner
-281,-44,313,minecraft:mob_spawner
-44,26,-255,minecraft:mob_spawner
-52,18,387,minecraft:mob_spawner
-291,-1,134,minecraft:mob_spawner
-301,-42,65,minecraft:mob_spawner
-13,28,-266,minecraft:mob_spawner
271,-12,-271,minecraft:mob_spawner
364,-8,-8,minecraft:mob_spawner
-271,-28,-285,minecraft:mob_spawner
235,-46,-283,minecraft:mob_spawner
-332,-41,95,minecraft:mob_spawner
369,-40,74,minecraft:mob_spawner
-330,65,-283,minecraft:beehive
-327,-33,-150,minecraft:mob_spawner
-337,-40,100,minecraft:mob_spawner
273,-44,419,minecraft:mob_spawner
-309,-2,-307,minecraft:mob_spawner
-335,-50,-308,minecraft:mob_spawner
-365,73,-26,minecraft:beehive
-364,73,-76,minecraft:beehive
-368,-40,60,minecraft:mob_spawner
