x,y,z,visibility,load_status,entity_count
0,3,0,TICKING,LOADED,2
-1,0,2,TICKING,LOADED,1
0,0,4,TICKING,LOADED,1
0,1,4,TICKING,LOADED,1
1,3,-3,TICKING,LOADED,1
1,1,9,TICKING,LOADED,1
1,-1,9,TICKING,LOADED,2
0,2,8,TICKING,LOADED,1
-9,4,0,TICKING,LOADED,2
-3,-2,11,TICKING,LOADED,1
-3,0,1,TICKING,LOADED,1
-1,-2,9,TICKING,LOADED,1
1,0,10,TICKING,LOADED,1
-1,-2,1,TICKING,LOADED,2
1,0,-2,TICKING,LOADED,1
-8,4,1,TICKING,LOADED,5
-7,4,-2,TICKING,LOADED,1
3,2,7,TICKING,LOADED,2
1,1,2,TICKING,LOADED,1
1,2,2,TICKING,LOADED,1
1,-1,2,TICKING,LOADED,1
3,5,5,TICKING,LOADED,1
3,-2,5,TICKING,LOADED,1
-5,1,1,TICKING,LOADED,1
-2,0,3,TICKING,LOADED,1
4,0,5,TICKING,LOADED,1
1,-2,12,TICKING,LOADED,1
2,2,6,TICKING,LOADED,1
2,5,4,TICKING,LOADED,7
-9,4,7,TICKING,LOADED,1
0,0,3,TICKING,LOADED,2
0,2,3,TICKING,LOADED,1
0,4,3,TICKING,LOADED,2
0,-1,3,TICKING,LOADED,3
0,3,1,TICKING,LOADED,1
0,-2,1,TICKING,LOADED,1
-5,1,0,TICKING,LOADED,1
-1,-2,6,TICKING,LOADED,2
1,-1,-7,TRACKED,LOADED,5
1,3,5,TICKING,LOADED,1
-9,4,-1,TICKING,LOADED,2
5,0,6,TICKING,LOADED,1
1,-1,7,TICKING,LOADED,1
1,0,0,TICKING,LOADED,1
1,1,0,TICKING,LOADED,1
1,3,0,TICKING,LOADED,15
-2,0,4,TICKING,LOADED,2
-2,2,4,TICKING,LOADED,1
-2,-1,4,TICKING,LOADED,1
-1,0,4,TICKING,LOADED,1
3,3,-3,TICKING,LOADED,1
4,3,0,TICKING,LOADED,1
-3,0,3,TICKING,LOADED,3
-3,1,3,TICKING,LOADED,2
4,2,4,TICKING,LOADED,1
4,4,4,TICKING,LOADED,1
2,-1,7,TICKING,LOADED,1
2,0,3,TICKING,LOADED,2
2,1,3,TICKING,LOADED,1
2,2,3,TICKING,LOADED,1
0,0,6,TICKING,LOADED,1
0,-1,6,TICKING,LOADED,1
6,4,5,TICKING,LOADED,1
0,0,2,TICKING,LOADED,1
0,2,2,TICKING,LOADED,1
0,-2,2,TICKING,LOADED,2
0,0,10,TICKING,LOADED,1
-4,0,0,TICKING,LOADED,1
-4,1,0,TICKING,LOADED,1
3,2,6,TICKING,LOADED,1
-1,0,3,TICKING,LOADED,3
-1,1,3,TICKING,LOADED,1
-1,2,3,TICKING,LOADED,1
1,-1,8,TICKING,LOADED,1
0,-3,14,TRACKED,LOADED,1
1,1,4,TICKING,LOADED,1
1,2,4,TICKING,LOADED,1
1,5,4,TICKING,LOADED,5
3,0,4,TICKING,LOADED,2
3,1,4,TICKING,LOADED,1
3,2,4,TICKING,LOADED,1
3,4,4,TICKING,LOADED,2
1,1,3,TICKING,LOADED,1
1,5,3,TICKING,LOADED,1
-8,4,7,TICKING,LOADED,2
2,0,-2,TICKING,LOADED,1
-3,0,0,TICKING,LOADED,1
-10,4,-1,TRACKED,LOADED,1
-2,-2,1,TICKING,LOADED,1
-5,2,7,TICKING,LOADED,1
2,3,0,TICKING,LOADED,5
0,0,9,TICKING,LOADED,2
1,-1,-6,TICKING,LOADED,3
2,0,2,TICKING,LOADED,1
0,-2,5,TICKING,LOADED,1
1,0,6,TICKING,LOADED,2
1,2,6,TICKING,LOADED,2
1,-2,6,TICKING,LOADED,1
-1,-2,5,TICKING,LOADED,1
6,3,6,TICKING,LOADED,1
2,-2,9,TICKING,LOADED,1
-5,0,6,TICKING,LOADED,1
1,3,1,TICKING,LOADED,1
3,-2,10,TICKING,LOADED,1
-3,0,4,TICKING,LOADED,1
-7,1,-1,TICKING,LOADED,1
-7,4,-1,TICKING,LOADED,2
-11,4,9,TRACKED,LOADED,3
-11,5,9,TRACKED,LOADED,1
2,5,5,TICKING,LOADED,1
-3,3,8,TICKING,LOADED,1
-7,-2,13,TRACKED,LOADED,1
2,-1,-7,TRACKED,LOADED,3
-4,0,5,TICKING,LOADED,1
2,0,-3,TICKING,LOADED,1
-2,0,2,TICKING,LOADED,2
5,3,9,TICKING,LOADED,3
