x,y,z,uuid,type,alive,display_name,custom_name
61.626768695507344,71.0,70.4861993425647,62a77959-2528-4f3b-8906-bd9cea264fd3,minecraft:chicken,true,Курица,[null]
66.87203845276096,68.0,64.14366117622227,76b5880d-8b9f-4493-9f2f-7811c0965940,minecraft:chicken,true,Курица,[null]
61.91224309368469,81.0,92.58096664301709,d9d93ab9-c7c7-4632-a2c2-55ce9bbde242,minecraft:chicken,true,Курица,[null]
60.504526299328866,73.0,78.55155670777854,9454d9e2-aca7-49f5-adc6-28281a23f480,minecraft:chicken,true,Курица,[null]
-47.10000002384186,63.0,139.0,b8f77e04-c4d5-4765-8ab2-695a938e62ab,minecraft:pig,true,Свинья,[null]
42.5,-20.9375,149.5,762d7ddd-e4bb-4b28-943a-c818c5c56532,minecraft:chest_minecart,true,Грузовая вагонетка,[null]
108.50178403586571,63.0,104.63549716486571,25322cfe-4461-40ba-84f1-5afa9df4541f,minecraft:turtle,true,Черепаха,[null]
102.0,66.0,92.51707785336669,7ce35cc4-7f96-4914-bf66-082a14f91ea2,minecraft:turtle,true,Черепаха,[null]
-13.5,-27.9375,144.5,d09b8278-2c7c-441f-b86c-e54b12ed0726,minecraft:chest_minecart,true,Грузовая вагонетка,[null]
57.5,-17.9375,167.5,849f639e-b8ae-4e70-957c-244bc817dbd5,minecraft:chest_minecart,true,Грузовая вагонетка,[null]
-102.22834908337641,28.0,-14.958121377511047,6135b399-9c3f-4be7-8e55-81dc1c33d9fb,minecraft:chicken,true,Курица,[null]
-100.0,71.0,-15.0,8f5bcc36-4acf-4703-861a-4d5f8d11b0b3,minecraft:chicken,true,Курица,[null]
-97.0,71.0,-11.0,22fd52ad-fd9e-45c6-a086-1e3afd53170b,minecraft:chicken,true,Курица,[null]
-98.8542116988183,71.0,-16.212255735303142,860cd994-003a-454d-8cb7-8501b8a7a8f1,minecraft:chicken,true,Курица,[null]
-112.24592094955382,73.0,120.75355794335658,79336b35-ec85-4b52-9201-67821f1d58dd,minecraft:sheep,true,Овца,[null]
-113.41480381297194,74.0,118.76791895941581,6955677d-6b4b-4725-97c3-071ad90e5fc3,minecraft:sheep,true,Овца,[null]
-120.0,71.0,29.0,5d81f4cb-878a-4402-9e74-bdd840c2ab88,minecraft:chicken,true,Курица,[null]
-112.72544439336883,71.0,25.495975843767827,b036f1d2-5881-4db4-ba45-63416a2b1c25,minecraft:pig,true,Свинья,[null]
-119.0,71.0,28.0,f9afd50b-5e14-4dcd-9a64-0f42ab3af506,minecraft:pig,true,Свинья,[null]
-119.0,71.0,29.0,f934b02b-c100-45e9-b341-59e8b8e09110,minecraft:pig,true,Свинья,[null]
-117.5018763263487,71.0,23.66695194705175,66f0987d-2fa9-40f5-b154-419d544426c6,minecraft:pig,true,Свинья,[null]
-39.5,-20.9375,180.5,ebbc8918-bc19-4e4e-a166-7a5d50424251,minecraft:chest_minecart,true,Грузовая вагонетка,[null]
14.5,-32.9375,234.5,558c812a-338e-4237-b28f-ae09676fd014,minecraft:chest_minecart,true,Грузовая вагонетка,[null]
20.5,-16.9375,197.5,65b40c2b-ced1-4208-85d0-d65f56a66f34,minecraft:chest_minecart,true,Грузовая вагонетка,[null]
-157.23399719111788,74.0,-0.1611746828820965,2157fec7-a8cb-4750-b2c9-59239499ff8c,minecraft:cow,true,Корова,[null]
-130.21956956668552,71.0,0.7277788756488992,d6d363ee-906e-46d7-93b6-7ca728f0127f,minecraft:sheep,true,Овца,[null]
-141.21466322321794,72.0,1.1662855829232,7a4dd74c-a4ba-44ce-bcd9-963562b69188,minecraft:sheep,true,Овца,[null]
-138.26897099098034,70.0,-5.465630548791437,a8c02e28-af25-4dca-b613-b333630c56fb,minecraft:sheep,true,Овца,[null]
-137.0,72.0,-4.0,6e851da1-4e12-4130-b9ae-40cf47c9b5f8,minecraft:sheep,true,Овца,[null]
-97.5,-18.9375,208.5,2a9a30d1-f171-4f98-9d2a-35e90f6e5b74,minecraft:chest_minecart,true,Грузовая вагонетка,[null]
-139.73160221105775,67.0,126.4812657592871,2780f82a-bd6c-4326-99ce-50528b89507d,minecraft:sheep,true,Овца,[null]
-168.0,76.0,152.0,fc59a6f4-1687-42aa-a2e4-072063abf140,minecraft:pig,true,Свинья,[null]
-170.61880137949004,77.0,153.2388162006276,e7380edb-6b92-42a9-bc81-bcdd7ba7dbfb,minecraft:pig,true,Свинья,[null]
-171.0,75.0,151.0,9302f8db-7a96-4136-b40b-031287c0a73e,minecraft:pig,true,Свинья,[null]
-170.5034089149633,82.0,159.3324000265136,dfcaa178-3484-4bbf-8266-3e94bf7ea8de,minecraft:pig,true,Свинья,[null]
9.568049671115807,15.0,102.25557665147187,d40b9844-c2d8-43c9-8a6f-107bc59d3c06,minecraft:zombie,true,Зомби,[null]
15.251373379006663,32.0,134.64055554664142,5c743be6-e3fb-4ad4-a6cb-e9ff00da34d3,minecraft:skeleton,true,Скелет,[null]
17.268678698626626,41.0,33.50432416348414,200bb0be-ed82-494c-90e9-a5fb55c19005,minecraft:skeleton,true,Скелет,[null]
33.875,-3.8669855554320285,-101.875,921b5bcb-576a-4849-984a-78cb535bb6e3,minecraft:item,true,Гравий,[null]
34.6229093694485,-4.0,-100.71550273414323,2e3b0eca-4d7e-4fc2-992b-c7a354f54c67,minecraft:item,true,Гравий,[null]
28.851336128806526,-3.0,-101.875,5a29ae59-6fb9-4a83-8f7b-c8ba995d771c,minecraft:item,true,Гравий,[null]
32.80183480283437,-4.0,-97.46072400876322,84b64cc3-59dc-4d5d-bd42-ebd27dc401ac,minecraft:item,true,Гравий,[null]
25.771197185650465,-4.0,-102.875,4016c744-4ee1-4953-9059-d3f732b1b94c,minecraft:item,true,Гравий,[null]
26.125,-3.6218357815064763,-103.875,2bf829e9-ce88-4638-85e3-40851ae66799,minecraft:item,true,Гравий,[null]
27.875,-5.504147271934879,-91.125,f03b8130-06c5-4380-bd80-81b8b0446591,minecraft:item,true,Гравий,[null]
30.460615375802767,-3.0,-100.53301119432057,80208282-cd25-4a02-aa10-49a0137e244d,minecraft:item,true,Гравий,[null]
25.921912294266992,-5.821018599364786,-91.125,2866d1b1-0e06-4ad6-b329-c08446ef2250,minecraft:item,true,Гравий,[null]
20.384613386949464,-7.0,-89.47642103055655,d63e403c-a76d-4a85-90f1-b1fa793ca739,minecraft:item,true,Гравий,[null]
64.5,1.0,89.5,a89e4e63-9a22-44d6-9b39-87852437b194,minecraft:skeleton,true,Скелет,[null]
31.390258944299944,-4.0,-97.08857712658384,2a029a90-aadf-4bb5-9e58-564ab085d404,minecraft:item,true,Гравий,[null]
-0.5,9.0,39.5,ae58ad85-d70e-4ff5-80e2-3c453587f0e0,minecraft:skeleton,true,Скелет,[null]
16.17864940817661,12.0,14.5,3cf912e3-da46-4ed1-b1ad-76863f02d244,minecraft:zombie,true,Зомби,[null]
23.05031345758008,55.97797596944968,-35.87130519460605,726c0943-255b-462e-9a75-6942dca7e131,minecraft:dolphin,true,Дельфин,[null]
59.175120385914035,55.90566697917779,-36.655236180786325,36115909-d6e6-4682-91ff-69e59b915643,minecraft:dolphin,true,Дельфин,[null]
47.5,11.0,53.5,69773dac-694e-49d4-944c-525e8e2b7a89,minecraft:skeleton,true,Скелет,[null]
34.5,36.0,53.5,8129f98c-4e00-487b-8aea-c0f0f1ecf452,minecraft:skeleton,true,Скелет,[null]
-29.475315847811117,40.0,66.19582789016411,16da2e63-87fb-43dc-ae14-91b6c74dcafa,minecraft:creeper,true,Крипер,[null]
12.500680939753835,35.0,43.89725563944537,04599284-7131-47da-8564-7ce36b4d95bb,minecraft:skeleton,true,Скелет,[null]
30.295792686629134,59.0,21.247158705260766,ba1d5cf5-e33a-4591-8b19-f14fbd0701c1,minecraft:cod,true,Треска,[null]
5.4999950297099245,10.0,59.806736523089526,2fd5c7f8-2699-4828-b217-717c5ef82d60,minecraft:zombie,true,Зомби,[null]
30.854794157697555,12.031846538473891,100.30428814829916,dbca4144-6f55-4476-b989-83648f3f23b4,minecraft:bat,true,Летучая мышь,[null]
20.04060107708615,17.748357098549604,2.4174160856142937,cf92efef-318e-4952-96f3-60b1dceaa55b,minecraft:glow_squid,true,Светящийся спрут,[null]
-4.929766785042233,-22.0,30.50305019315237,97b0d856-0905-4e2e-8ed0-af05191b1e21,minecraft:creeper,true,Крипер,[null]
-10.5,-23.0,108.5,b08c4740-2a00-41ac-b51b-34ac023465da,minecraft:creeper,true,Крипер,[null]
22.43034688251084,28.96613995152649,35.35635589992441,649200dc-8050-477e-865e-c87a3f8c4c5e,minecraft:bat,true,Летучая мышь,[null]
57.35430211110175,-20.0,95.5,add769e3-28b5-43db-bf23-668878e00f15,minecraft:zombie,true,Зомби,[null]
33.5,11.0,56.5,ab31c25a-f0f1-46e6-82f3-20d405081ff8,minecraft:skeleton,true,Скелет,[null]
37.30645969215148,82.0,68.46244390468885,f6348755-59d8-42a8-926d-2aed347891e2,minecraft:item,true,Белая шерсть,[null]
36.70822114391507,82.0,68.99123351728092,36e751d9-83da-48d8-9c67-1285d108e2db,minecraft:item,true,Сырая баранина,[null]
38.24536936973814,82.0,73.38912597294602,9b57a554-405b-4a01-93ec-766b6eb1766c,minecraft:item,true,Белая шерсть,[null]
38.875,82.0,73.13521076001668,59dccbca-c5e1-405b-b10e-7335cf7a6231,minecraft:item,true,Сырая баранина,[null]
39.01568930128586,83.0,74.31197221649653,20158ac8-3611-46c3-9ca4-00b4b79fe3b8,minecraft:item,true,Роза визера,[null]
36.454899201168544,81.0,74.76199014032208,859dc583-c8e0-47cf-87fd-1a3bd5e6c470,minecraft:item,true,Земля,[null]
35.125,82.0,80.08865585229869,da76b0ce-37f9-4b2e-8cbc-8552bfc2cbc1,minecraft:item,true,Земля,[null]
34.91679497634759,81.0,76.20031562974944,ec8116a3-5cd0-41fe-99ea-7974300d1e86,minecraft:item,true,Земля,[null]
31.16336470165657,81.0,77.58845459050407,250f5533-15b7-44ed-b686-67c32b0d9b0b,minecraft:item,true,Земля,[null]
72.8867659723562,55.99333505869112,4.561732304617386,a0a9bf75-0e43-4e32-b26f-a34da15b174d,minecraft:dolphin,true,Дельфин,[null]
26.956833311421956,83.0,66.30922295339937,c34cb8aa-cff1-4a55-a90a-edc1cba6547f,minecraft:item,true,Белая шерсть,[null]
26.76929352749921,82.0,67.07435197437187,11e02664-0c52-421e-b415-cce91b4d8a8f,minecraft:item,true,Сырая баранина,[null]
27.10932728043989,83.0,66.78991260570788,3e70fe60-9912-445c-b991-839a1ab22a29,minecraft:item,true,Роза визера,[null]
26.875,82.0,66.72025569600852,146392e1-a37c-4fa4-af30-fca6c223c977,minecraft:item,true,Земля,[null]
32.416674416518916,58.0521578562665,11.522144185195126,b6e05f08-35df-4a1d-930f-2b704588b52a,minecraft:cod,true,Треска,[null]
33.6103846050108,58.55379066591086,11.611726384526325,571f9df0-7bbf-4403-8ed3-c5933d006c4e,minecraft:cod,true,Треска,[null]
25.99774467087948,82.0,61.19363308965973,74fa7487-9e58-40e6-8fcf-0d15bfefb15f,minecraft:item,true,Звезда Незера,[null]
28.52873464388756,59.994036766780795,11.802762097181473,f917c805-6c01-4353-8cdf-39bfaf3510bb,minecraft:cod,true,Треска,[null]
28.212772248774996,61.13267970038196,11.610503669089509,b66c5181-5f7f-4e24-8c4d-e25b0256cd1b,minecraft:cod,true,Треска,[null]
-46.56799763465518,14.100000023841858,27.142290971427038,948e6aa5-5558-4a43-b3be-5f0309310961,minecraft:bat,true,Летучая мышь,[null]
-27.5,-9.0,69.5,34a7b5eb-aa8a-4709-9720-4a9c041e6556,minecraft:skeleton,true,Скелет,[null]
20.99720439128319,52.51507296036975,10.555668986616649,3a58a5ab-6d5a-445a-b62a-ac74cb0de926,minecraft:cod,true,Треска,[null]
-7.5,27.0,48.5,1a820c79-5e6b-4144-b820-3f1253cee49b,minecraft:spider,true,Паук,[null]
20.5,-10.0,41.5,e3d72328-9150-476f-9d6a-da9f4a10b060,minecraft:witch,true,Ведьма,[null]
66.5,35.0,78.5,e2e13e6e-ee0c-4bab-8cf3-eabcc4be778a,minecraft:skeleton,true,Скелет,[null]
15.738170643944466,62.75978914911565,16.785650536838315,289e05fc-262d-41cc-9d9c-cc4925f4181b,minecraft:cod,true,Треска,[null]
15.443904495638126,62.48471983357351,15.748588746714756,0d346163-9374-406a-a237-f541382d3818,minecraft:cod,true,Треска,[null]
15.952445200365899,62.35821508899606,15.027912408977247,2b2ab381-e2c2-4e7a-bc14-587532f4b19f,minecraft:cod,true,Треска,[null]
-11.528841047581176,39.0,58.16994547703744,443816aa-4497-4aaf-a196-3ce8edea4230,minecraft:creeper,true,Крипер,[null]
87.9376744072221,4.018782332601301,105.71594759231179,24a24285-8cad-448e-aede-c8c715d62e65,minecraft:bat,true,Летучая мышь,[null]
-2.5241367816896503,-20.80662994411002,18.085410021893935,4cd47c09-033e-406e-8d4f-70ac56833e1b,minecraft:bat,true,Летучая мышь,[null]
-60.52815149009561,13.0,95.17786370676262,fc98a1ee-01ed-4429-96fe-e78c9ce97011,minecraft:zombie,true,Зомби,[null]
2.2013067422204693,40.0,54.424820014735076,64f5cb99-23de-4c2f-b1c2-aef04a7eea56,minecraft:creeper,true,Крипер,[null]
17.79434120596267,33.02766399909711,64.46121370953851,85d06345-bba4-4f98-a218-b34ebd52cbb2,minecraft:bat,true,Летучая мышь,[null]
49.5,43.0,68.5,498f3fc7-b00b-4834-8078-16bf3b6af4ba,minecraft:zombie,true,Зомби,[null]
18.523984732399914,23.0,146.16725273112684,616f823c-432c-442a-a3ee-52b954f9b352,minecraft:creeper,true,Крипер,[null]
18.752282791377816,-2.0,137.81428764867118,09b4a8d2-d37e-4f19-86ee-816873d0d837,minecraft:creeper,true,Крипер,[null]
45.5,15.0,33.5,83198318-e9e0-4949-bfb1-90a7de9f028d,minecraft:skeleton,true,Скелет,[null]
-43.5,20.0,58.5,b639a439-ebf1-4b9d-bef1-0c4bcddbde92,minecraft:creeper,true,Крипер,[null]
10.829191811870217,-11.0,98.37417625352855,9989f090-aedc-4d1b-bad5-f20082d8f977,minecraft:zombie,true,Зомби,[null]
50.5,11.0,69.5,519a96d1-d9f0-4f0d-99e9-22fa840cb2f7,minecraft:skeleton,true,Скелет,[null]
57.25616574372815,13.0,64.7878645620335,16915572-f3c8-455f-8f91-70df410c0084,minecraft:skeleton,true,Скелет,[null]
26.57032782733308,-16.0,112.22210853526609,55784913-cc1f-4943-8dbe-57598289e064,minecraft:creeper,true,Крипер,[null]
-16.470678070044286,8.0,70.71247306670578,eb5af4c8-8e54-46cc-b945-9f56896ffc39,minecraft:skeleton,true,Скелет,[null]
18.47021595251494,45.0,109.14917906908478,fed2250f-e07a-463f-b6d4-382fd756c7d3,minecraft:creeper,true,Крипер,[null]
19.5,45.0,108.5,bedcfe46-f064-413e-9e7d-dc5e98ea2ff1,minecraft:creeper,true,Крипер,[null]
13.342361704415767,9.495685768546537,157.40000000596046,7967fbd8-feba-496c-b074-387c4a99886a,minecraft:glow_squid,true,Светящийся спрут,[null]
12.865461513400078,8.260261760326102,160.22919123271794,a1b86e07-1d93-4c6d-9c43-0ff829e61afb,minecraft:glow_squid,true,Светящийся спрут,[null]
17.595188762061298,9.784368459833786,163.5409445045516,0ed52384-b105-44cc-a986-4d3ea4acacfb,minecraft:glow_squid,true,Светящийся спрут,[null]
-20.789420756019158,11.0,58.11790955962935,d17c342e-35d0-4f4c-9262-24ad1323c797,minecraft:spider,true,Паук,[null]
-33.35911788934936,14.0,51.198235861091426,4516a72d-4c83-49e4-9e97-fa32204796b3,minecraft:zombie,true,Зомби,[null]
-30.291623482520016,11.0,45.71771948854025,fbca2eb2-beea-4e72-8959-7f45a8426ed3,minecraft:zombie,true,Зомби,[null]
29.245974857252772,15.0,107.48086075342141,ee8f3fde-153a-416d-baab-6f49bf37ffbf,minecraft:zombie,true,Зомби,[null]
83.00971503242967,59.203903001500294,149.86323906717408,f0667614-9d90-44ba-86e7-890794aa846b,minecraft:squid,true,Спрут,[null]
83.86209322628565,58.837514175567776,144.85039114300162,79a13564-b7da-4b37-92d5-b4e1d05c946b,minecraft:squid,true,Спрут,[null]
84.78408678574488,59.80503555457108,147.27432007342577,1f67e214-4767-4ef0-b074-171968cb64a9,minecraft:squid,true,Спрут,[null]
35.239950266260166,62.761850553198144,10.760047656521133,cea13bc4-9a90-4299-a948-13c4a334593f,minecraft:cod,true,Треска,[null]
35.87934120345842,62.494868742521916,9.544512837933185,db8bde7e-ac10-4b81-ad50-7296aab561d4,minecraft:cod,true,Треска,[null]
34.43735016963502,62.492718662134465,10.58703179000473,c9e9c36c-8bf5-40b7-bff2-b3ed85096a13,minecraft:cod,true,Треска,[null]
29.15103092612433,60.89650988741005,11.298120692912734,1fd029a9-499a-4d60-8281-a65788f40e00,minecraft:cod,true,Треска,[null]
29.080975937278357,59.87549276903931,10.796957431400152,0a0ec000-0b32-4d1e-98a0-5d65dfd76c34,minecraft:cod,true,Треска,[null]
28.18093209251754,60.043845466493934,11.21618096290631,08f2c8d9-15a3-42ff-8ae2-65b6bbffdd12,minecraft:cod,true,Треска,[null]
27.177107447598658,59.999953820887725,11.203981693200983,3b0accd3-c96a-4dec-8b85-edb5e9cc157d,minecraft:cod,true,Треска,[null]
9.191035553234094,-9.0,56.26283247905547,65444c80-6915-48ac-bb70-c237a11beec0,minecraft:skeleton,true,Скелет,[null]
3.5,-13.0,52.5,3ebb1ab7-9a58-44ae-bfda-d940befe0441,minecraft:skeleton,true,Скелет,[null]
10.210953134862407,-11.0,49.74531561642701,0d216868-d154-46f2-ac5d-602b1409f3dc,minecraft:skeleton,true,Скелет,[null]
-27.21657546889122,-19.0,26.265859184839623,e19e3b39-3c63-4092-a71d-974e1d14be4f,minecraft:skeleton,true,Скелет,[null]
8.5,13.0,59.5,0112f8b8-eef1-4b66-b165-e8dce3803bcb,minecraft:witch,true,Ведьма,[null]
-72.42666026915008,10.0,106.20213657338009,6b24edcc-52fc-4235-a37f-028ec3f2f9a6,minecraft:creeper,true,Крипер,[null]
-68.5,44.0,120.5,b8c1709e-6c6d-464e-a074-3c7b86933287,minecraft:creeper,true,Крипер,[null]
-30.5,9.0,66.5,6ab09874-5ee8-4a0f-b94c-39e193c6f77c,minecraft:skeleton,true,Скелет,[null]
-40.18311326782278,10.0,70.19270872975905,68a98090-3790-4351-ab17-fa8eb9520558,minecraft:skeleton,true,Скелет,[null]
52.22324202676846,44.88733010927294,112.8777890357798,8e2ba0be-27b6-4918-b762-ae50a3e9496d,minecraft:bat,true,Летучая мышь,[null]
54.749118442402235,45.04046138891608,115.90927827994041,17f381f1-5763-4ed3-9f74-0c2873de50b4,minecraft:bat,true,Летучая мышь,[null]
50.6897601013766,44.3420031095794,108.16780971629802,60b29e0c-d5e7-416b-a2c0-56a80d2fe7dd,minecraft:bat,true,Летучая мышь,[null]
47.70980223441373,46.34575390937825,105.36826787941757,413cb8d0-8f7d-4924-9ea3-164c927782c0,minecraft:bat,true,Летучая мышь,[null]
1.5,-23.0,30.5,b5f8d506-2555-49e3-9dcc-46a7b8425c9a,minecraft:spider,true,Паук,[null]
1.5575760776153966,-19.0,42.52749830571232,57f09343-8923-4f25-a79a-ce53f5cb0736,minecraft:chicken,true,Курица,[null]
1.5645308965794011,-18.650000005960464,42.427740440641024,e1c89b0b-d17d-4ab2-b208-c9cbe9a7ac74,minecraft:zombie,true,Зомби,[null]
-7.5,-23.0,96.5,d50c8eeb-d839-46f3-b450-31583baec0ae,minecraft:creeper,true,Крипер,[null]
14.243694904152795,9.0,45.19003948935349,801f8e6a-3d3a-424e-85fb-fabdf53013fc,minecraft:skeleton,true,Скелет,[null]
12.775330597881897,24.0,68.47488055187384,5af396a2-2514-4f1a-96fe-cf9bb8585f11,minecraft:creeper,true,Крипер,[null]
19.534754459892266,23.0,63.19061760553091,4fb25a8a-54a2-489a-8cb4-4e67e30a7b8a,minecraft:creeper,true,Крипер,[null]
18.502224027104656,24.0,66.28735039589418,30a615bb-c808-4f18-bcbb-0db8d64fa912,minecraft:skeleton,true,Скелет,[null]
-20.230906670538236,9.0,34.379969977179606,be22bfe6-a33b-4fb8-a01c-b5ece0082d3a,minecraft:skeleton,true,Скелет,[null]
28.5,62.76290748685107,14.5,a3fe2459-59a3-4587-b379-8c7275f7e4fd,minecraft:cod,true,Треска,[null]
29.718595524251516,62.50532327471291,14.769993401592872,f42c381e-ae37-48ab-8e6e-46a445c6419a,minecraft:cod,true,Треска,[null]
28.77436547081225,61.51632122082317,14.011446138126262,78830384-da50-437e-8f2b-5ac49800165f,minecraft:cod,true,Треска,[null]
29.354873756972765,62.760956998532976,11.17592093884755,82217e99-5b94-4d8f-a02c-2e5bf91451cf,minecraft:cod,true,Треска,[null]
28.62292430948943,62.506391474073894,11.724819060154319,6253003c-d2b2-4f78-9392-12098cf391a3,minecraft:cod,true,Треска,[null]
29.769603710314275,61.24680210574771,11.99609607425613,e75812a5-7ec8-4307-8bd3-1cb935eb9965,minecraft:cod,true,Треска,[null]
29.165199023537546,61.93174585142556,11.215896767818581,063e71cc-8fb1-467d-a5f1-5fc9450dbdbd,minecraft:cod,true,Треска,[null]
29.889601350461657,61.952593547317065,10.768159287746133,b5ad9feb-cc65-449d-b8a4-44fe20cdb2cf,minecraft:cod,true,Треска,[null]
55.5,29.0,66.5,22e31cf8-52b0-48df-823d-42eb87e67664,minecraft:creeper,true,Крипер,[null]
22.25486291505497,48.0,80.44834272670658,cd1942f8-cfab-4775-b459-6fe26e72318e,minecraft:zombie,true,Зомби,[null]
24.18684845365684,-5.0,150.5017326370816,cb4461bb-2aa2-40ea-97d4-1dc935af8c8d,minecraft:zombie,true,Зомби,[null]
22.49764315406722,-6.0,149.18513198163853,738fbde6-f8a2-499f-b981-29638aa2d363,minecraft:zombie,true,Зомби,[null]
41.5,26.0,54.5,0d2394f0-a27b-4675-8511-6dac4dc93c12,minecraft:creeper,true,Крипер,[null]
-48.5,1.0,11.5,d43d6506-624b-4b33-816b-49573a6eeca2,minecraft:zombie,true,Зомби,[null]
-46.5,1.0,15.5,eb82e626-f12b-4b01-bf2e-71cbab8afe5a,minecraft:zombie,true,Зомби,[null]
45.58891397509104,-14.718419546628036,114.76515337380931,50b3d9c1-7c6a-4214-adc1-85f8557293da,minecraft:bat,true,Летучая мышь,[null]
32.83731373015887,5.296435522846878,-27.88440933603406,25288ebb-a459-4ced-84ff-7e327e9432d6,minecraft:glow_squid,true,Светящийся спрут,[null]
34.00066675245762,9.10604314180091,-33.72612884165517,b90e1c62-9f82-47d2-977e-92559c9440dc,minecraft:glow_squid,true,Светящийся спрут,[null]
26.72095408849418,10.485495204105973,-31.184922885149717,2e24a21e-595e-430a-baa7-532504467105,minecraft:glow_squid,true,Светящийся спрут,[null]
-46.48526708360893,22.0,57.169640777961355,fc9f1884-df94-47fd-8be8-bbc5dd6c7bde,minecraft:creeper,true,Крипер,[null]
-39.5,15.0,51.5,89d875b5-41d3-4e6b-a75f-569a75d2916d,minecraft:skeleton,true,Скелет,[null]
-42.5,15.0,51.5,1119c1f0-8ae1-44bf-960b-a0b85633749b,minecraft:skeleton,true,Скелет,[null]
-2.1673937783893034,-22.987426022999678,81.16739377838931,9efb319e-0bf8-42b4-b498-62a84f3a1eca,minecraft:bat,true,Летучая мышь,[null]
16.126903175530895,-16.50032745755633,96.54640116591659,c8aa5627-89b5-4955-ba07-dfdbeb188e5f,minecraft:bat,true,Летучая мышь,[null]
9.5,-17.0,87.5,040990d1-6793-4606-9ef9-eae116ff1e9f,minecraft:zombie,true,Зомби,[null]
10.4933370030316,0.0,152.83859645507042,ea90111f-ae24-42ac-b9af-45c8f849284d,minecraft:creeper,true,Крипер,[null]
0.5,12.0,69.5,ec5022d4-d70f-4b36-9626-08d8f779109a,minecraft:zombie,true,Зомби,[null]
-14.107311094568935,11.0,57.37345217928259,612b96dc-0cb1-4e8c-bdc7-d59495cd6371,minecraft:zombie,true,Зомби,[null]
-0.841407509222911,10.0,52.79094263919695,1285a9f3-04a3-4994-b425-027d792763ce,minecraft:zombie,true,Зомби,[null]
-14.187182153831953,11.0,58.38517659046557,c251ff01-0883-4868-a5ab-f8a781fe0632,minecraft:zombie,true,Зомби,[null]
-7.5,11.0,65.5,f18ade55-124b-483b-92b1-4442da06d9b6,minecraft:skeleton,true,Скелет,[null]
-68.99132210307135,23.0,31.246042048439634,bbdefdb8-0072-47b4-88df-661a8cb7feb9,minecraft:bat,true,Летучая мышь,[null]
-56.332541803309745,18.031409391390042,1.286563492911137,a067d29d-58f3-4cee-8e17-3f7d57f0a971,minecraft:bat,true,Летучая мышь,[null]
-68.2599705119037,20.03216795247816,0.9891929171765873,eaa1cd00-9c33-4357-8ee7-c3734e6c75d4,minecraft:bat,true,Летучая мышь,[null]
0.5,79.0,48.605915158609854,d024d31b-0a7a-427d-b203-a7e29904e829,minecraft:item,true,Факел,[null]
0.8845036507378438,79.0,48.35646117255376,d2deb4c8-3da7-4f94-9203-0bbd52ed054c,minecraft:experience_orb,true,Сфера опыта,[null]
