{
  "credit": "Made with Blockbench",
  "parent": "builtin/entity",
  "texture_size": [
    64,
    64
  ],
  "display": {
    "thirdperson_righthand": {
      "rotation": [
        4,
        91,
        0
      ],
      "translation": [
        3,
        -3.5,
        -2.25
      ],
      "scale": [
        0.34,
        0.36,
        0.5
      ]
    },
    "thirdperson_lefthand": {
      "rotation": [
        4,
        -91,
        0
      ],
      "translation": [
        -2.75,
        -3.75,
        -2.25
      ],
      "scale": [
        0.34,
        0.36,
        0.5
      ]
    },
    "firstperson_righthand": {
      "rotation": [
        0,
        83,
        4
      ],
      "translation": [
        0.5,
        -0.25,
        0.5
      ],
      "scale": [
        0.35,
        0.38,
        0.5
      ]
    },
    "firstperson_lefthand": {
      "rotation": [
        0,
        -90,
        0
      ],
      "translation": [
        -12.75,
        -4.5,
        -2
      ],
      "scale": [
        0.42,
        0.48,
        0.63
      ]
    },
    "ground": {
      "translation": [
        0.5,
        -9,
        0
      ]
    },
    "gui": {
      "translation": [
        0,
        -5.25,
        0
      ],
      "scale": [
        0.3,
        0.38,
        0.85
      ]
    },
    "head": {
      "rotation": [
        0,
        91,
        0
      ],
      "translation": [
        6,
        -10,
        0
      ]
    },
    "fixed": {
      "translation": [
        0,
        -7.25,
        0
      ],
      "scale": [
        0.42,
        0.58,
        0.26
      ]
    }
  }
}