{
	"credit": "Made with Blockbench",
	"texture_size": [64, 64],
	"textures": {
		"0": "HeavyGun",
		"particle": "HeavyGun"
	},
	"elements": [
		{
			"from": [-16, 9, 6],
			"to": [-9, 21, 11],
			"faces": {
				"north": {"uv": [0, 9.25, 1.75, 12.25], "texture": "#0"},
				"east": {"uv": [6.5, 9.25, 7.75, 12.25], "texture": "#0"},
				"south": {"uv": [9.25, 0, 11, 3], "texture": "#0"},
				"west": {"uv": [7.75, 9.25, 9, 12.25], "texture": "#0"},
				"up": {"uv": [12.75, 7.5, 11, 6.25], "texture": "#0"},
				"down": {"uv": [12.75, 7.5, 11, 8.75], "texture": "#0"}
			}
		},
		{
			"from": [-9, 11.25, 6],
			"to": [-6, 21, 11],
			"faces": {
				"north": {"uv": [3.25, 11.5, 4, 14], "texture": "#0"},
				"east": {"uv": [9, 9.25, 10.25, 11.75], "texture": "#0"},
				"south": {"uv": [11.5, 8.75, 12.25, 11.25], "texture": "#0"},
				"west": {"uv": [10.25, 9.25, 11.5, 11.75], "texture": "#0"},
				"up": {"uv": [13, 4.25, 12.25, 3], "texture": "#0"},
				"down": {"uv": [7.25, 12.25, 6.5, 13.5], "texture": "#0"}
			}
		},
		{
			"from": [-1.75, 8.25, 7],
			"to": [1.25, 11, 10],
			"faces": {
				"north": {"uv": [12.25, 4.25, 13, 5], "texture": "#0"},
				"east": {"uv": [8.25, 12.25, 9, 13], "texture": "#0"},
				"south": {"uv": [12.25, 9.75, 13, 10.5], "texture": "#0"},
				"west": {"uv": [12.25, 10.5, 13, 11.25], "texture": "#0"},
				"up": {"uv": [13, 12, 12.25, 11.25], "texture": "#0"},
				"down": {"uv": [13, 12, 12.25, 12.75], "texture": "#0"}
			}
		},
		{
			"from": [6, 17.25, 5.25],
			"to": [11, 20.75, 6.25],
			"rotation": {"angle": 22.5, "axis": "x", "origin": [10, 16, -1]},
			"faces": {
				"north": {"uv": [12, 5, 13.25, 5.875], "texture": "#0"},
				"east": {"uv": [5.75, 12.75, 6, 13.625], "texture": "#0"},
				"south": {"uv": [0, 12.25, 1.25, 13.125], "texture": "#0"},
				"west": {"uv": [6, 12.75, 6.25, 13.625], "texture": "#0"},
				"up": {"uv": [13.25, 6.25, 12, 6], "texture": "#0"},
				"down": {"uv": [5.75, 12.75, 4.5, 13], "texture": "#0"}
			}
		},
		{
			"from": [2, 6.25, 4],
			"to": [13, 15, 13],
			"faces": {
				"north": {"uv": [0, 7, 2.75, 9.25], "texture": "#0"},
				"east": {"uv": [1.75, 9.25, 4, 11.5], "texture": "#0"},
				"south": {"uv": [2.75, 7, 5.5, 9.25], "texture": "#0"},
				"west": {"uv": [9.25, 3, 11.5, 5.25], "texture": "#0"},
				"up": {"uv": [8.25, 9.25, 5.5, 7], "texture": "#0"},
				"down": {"uv": [11, 7, 8.25, 9.25], "texture": "#0"}
			}
		},
		{
			"from": [14, 9.5, 6.5],
			"to": [25, 13, 10.5],
			"faces": {
				"north": {"uv": [11, 1, 13.75, 1.875], "texture": "#0"},
				"east": {"uv": [7.25, 12.25, 8.25, 13.125], "texture": "#0"},
				"south": {"uv": [11, 2, 13.75, 2.875], "texture": "#0"},
				"west": {"uv": [12.25, 8.75, 13.25, 9.625], "texture": "#0"},
				"up": {"uv": [12, 6.25, 9.25, 5.25], "texture": "#0"},
				"down": {"uv": [13.75, 0, 11, 1], "texture": "#0"}
			}
		},
		{
			"from": [29, 9.25, 6.25],
			"to": [30.25, 23, 10.5],
			"faces": {
				"north": {"uv": [10.5, 11.75, 10.875, 15.25], "texture": "#0"},
				"east": {"uv": [4, 9.25, 5.125, 12.75], "texture": "#0"},
				"south": {"uv": [11, 11.75, 11.375, 15.25], "texture": "#0"},
				"west": {"uv": [5.25, 9.25, 6.375, 12.75], "texture": "#0"},
				"up": {"uv": [1.625, 13.375, 1.25, 12.25], "texture": "#0"},
				"down": {"uv": [4.375, 12.75, 4, 13.875], "texture": "#0"}
			}
		},
		{
			"from": [-5, 4.25, 7],
			"to": [-2, 12, 10],
			"rotation": {"angle": -22.5, "axis": "z", "origin": [-3, 9, 8]},
			"faces": {
				"north": {"uv": [11.5, 3, 12.25, 5], "texture": "#0"},
				"east": {"uv": [11.5, 11.25, 12.25, 13.25], "texture": "#0"},
				"south": {"uv": [9, 11.75, 9.75, 13.75], "texture": "#0"},
				"west": {"uv": [9.75, 11.75, 10.5, 13.75], "texture": "#0"},
				"up": {"uv": [10, 7, 9.25, 6.25], "texture": "#0"},
				"down": {"uv": [10.75, 6.25, 10, 7], "texture": "#0"}
			}
		},
		{
			"from": [-7.5, 10.75, 7],
			"to": [29, 21, 10],
			"faces": {
				"north": {"uv": [0, 0, 9.125, 2.625], "texture": "#0"},
				"east": {"uv": [1.75, 11.5, 2.5, 14.125], "texture": "#0"},
				"south": {"uv": [0, 2.75, 9.125, 5.375], "texture": "#0"},
				"west": {"uv": [2.5, 11.5, 3.25, 14.125], "texture": "#0"},
				"up": {"uv": [9.125, 6.25, 0, 5.5], "texture": "#0"},
				"down": {"uv": [9.125, 6.25, 0, 7], "texture": "#0"}
			}
		}
	],
	"display": {
		"thirdperson_righthand": {
			"rotation": [4, 86, 0],
			"translation": [0, -0.75, -1.5],
			"scale": [0.34, 0.36, 0.5]
		},
		"thirdperson_lefthand": {
			"rotation": [4, -91, 0],
			"scale": [0.34, 0.36, 0.5]
		},
		"firstperson_righthand": {
			"rotation": [0, 98, 0],
			"translation": [0, -6, 0],
			"scale": [0.78, 0.97, 1.22]
		},
		"firstperson_lefthand": {
			"rotation": [0, -89, 0],
			"translation": [-8.75, -9.25, -5.5],
			"scale": [0.78, 0.97, 1.22]
		},
		"ground": {
			"translation": [0, 7, 0],
			"scale": [0.9, 0.86, 1]
		},
		"gui": {
			"rotation": [0, 0, 45],
			"translation": [3, -3.25, 0],
			"scale": [0.27, 0.44, 0.58]
		},
		"head": {
			"rotation": [-180, 87.75, -180]
		},
		"fixed": {
			"scale": [0.4, 0.52, 0.54]
		}
	}
}