{
	"credit": "Made with Blockbench",
	"texture_size": [32, 32],
	"textures": {
		"0": "texi",
		"particle": "texi"
	},
	"elements": [
		{
			"from": [7, 0, 7],
			"to": [10, 3, 9],
			"faces": {
				"north": {"uv": [1, 3.5, 2.5, 5], "texture": "#0"},
				"east": {"uv": [0, 3.5, 1, 5], "texture": "#0"},
				"south": {"uv": [3.5, 3.5, 5, 5], "texture": "#0"},
				"west": {"uv": [2.5, 3.5, 3.5, 5], "texture": "#0"},
				"up": {"uv": [2.5, 3.5, 1, 2.5], "texture": "#0"},
				"down": {"uv": [4, 2.5, 2.5, 3.5], "texture": "#0"}
			}
		},
		{
			"from": [7.6, 3, 7.3],
			"to": [9.4, 8, 8.7],
			"faces": {
				"north": {"uv": [3.5, 6.5, 4, 9], "texture": "#0"},
				"east": {"uv": [3, 6.5, 3.5, 9], "texture": "#0"},
				"south": {"uv": [4.5, 6.5, 5, 9], "texture": "#0"},
				"west": {"uv": [4, 6.5, 4.5, 9], "texture": "#0"},
				"up": {"uv": [4, 6.5, 3.5, 6], "texture": "#0"},
				"down": {"uv": [4.5, 6, 4, 6.5], "texture": "#0"}
			}
		},
		{
			"from": [6.5, 7.6, 7.2],
			"to": [10.5, 11.6, 8.8],
			"rotation": {"angle": -45, "axis": "z", "origin": [8.5, 9.6, 8]},
			"faces": {
				"north": {"uv": [0.5, 0.5, 2.5, 2.5], "texture": "#0"},
				"east": {"uv": [0, 0.5, 0.5, 2.5], "texture": "#0"},
				"south": {"uv": [3, 0.5, 5, 2.5], "texture": "#0"},
				"west": {"uv": [2.5, 0.5, 3, 2.5], "texture": "#0"},
				"up": {"uv": [2.5, 0.5, 0.5, 0], "texture": "#0"},
				"down": {"uv": [4.5, 0, 2.5, 0.5], "texture": "#0"}
			}
		},
		{
			"from": [4.7, 9.05, 7.55],
			"to": [7.2, 10.05, 8.55],
			"rotation": {"angle": 0, "axis": "y", "origin": [0, -4, 0]},
			"faces": {
				"north": {"uv": [5.5, 7, 6.5, 7.5], "texture": "#0"},
				"east": {"uv": [5, 7, 5.5, 7.5], "texture": "#0"},
				"south": {"uv": [7, 7, 8, 7.5], "texture": "#0"},
				"west": {"uv": [6.5, 7, 7, 7.5], "texture": "#0"},
				"up": {"uv": [6.5, 7, 5.5, 6.5], "texture": "#0"},
				"down": {"uv": [7.5, 6.5, 6.5, 7], "texture": "#0"}
			}
		},
		{
			"from": [9.7, 9.05, 7.55],
			"to": [12.2, 10.05, 8.55],
			"rotation": {"angle": 0, "axis": "y", "origin": [0, -4, 0]},
			"faces": {
				"north": {"uv": [7, 2.5, 8, 3], "texture": "#0"},
				"east": {"uv": [6.5, 2.5, 7, 3], "texture": "#0"},
				"south": {"uv": [8.5, 2.5, 9.5, 3], "texture": "#0"},
				"west": {"uv": [8, 2.5, 8.5, 3], "texture": "#0"},
				"up": {"uv": [8, 2.5, 7, 2], "texture": "#0"},
				"down": {"uv": [9, 2, 8, 2.5], "texture": "#0"}
			}
		},
		{
			"from": [7, 11, 7.4],
			"to": [10, 14.4, 8.7],
			"rotation": {"angle": 0, "axis": "y", "origin": [0, -4, 0]},
			"faces": {
				"north": {"uv": [5, 5, 6.5, 6.5], "texture": "#0"},
				"east": {"uv": [4.5, 5, 5, 6.5], "texture": "#0"},
				"south": {"uv": [7, 5, 8.5, 6.5], "texture": "#0"},
				"west": {"uv": [6.5, 5, 7, 6.5], "texture": "#0"},
				"up": {"uv": [6.5, 5, 5, 4.5], "texture": "#0"},
				"down": {"uv": [8, 4.5, 6.5, 5], "texture": "#0"}
			}
		},
		{
			"from": [3.41368, 12.11675, 7.55],
			"to": [5.41368, 15.71675, 8.55],
			"rotation": {"angle": 22.5, "axis": "z", "origin": [3.21368, 16.71675, 8.05]},
			"faces": {
				"north": {"uv": [5.5, 0.5, 6.5, 2], "texture": "#0"},
				"east": {"uv": [5, 0.5, 5.5, 2], "texture": "#0"},
				"south": {"uv": [7, 0.5, 8, 2], "texture": "#0"},
				"west": {"uv": [6.5, 0.5, 7, 2], "texture": "#0"},
				"up": {"uv": [6.5, 0.5, 5.5, 0], "texture": "#0"},
				"down": {"uv": [7.5, 0, 6.5, 0.5], "texture": "#0"}
			}
		},
		{
			"from": [6.19829, 14.57227, 7.55],
			"to": [7.69829, 15.97227, 8.55],
			"rotation": {"angle": 22.5, "axis": "z", "origin": [4.24829, 14.87227, 8.1]},
			"faces": {
				"north": {"uv": [8.5, 4, 9, 4.5], "texture": "#0"},
				"east": {"uv": [8, 4, 8.5, 4.5], "texture": "#0"},
				"south": {"uv": [9.5, 4, 10, 4.5], "texture": "#0"},
				"west": {"uv": [9, 4, 9.5, 4.5], "texture": "#0"},
				"up": {"uv": [9, 4, 8.5, 3.5], "texture": "#0"},
				"down": {"uv": [9.5, 3.5, 9, 4], "texture": "#0"}
			}
		},
		{
			"from": [10.94993, 11.55001, 7.55],
			"to": [12.94993, 15.15001, 8.55],
			"rotation": {"angle": -22.5, "axis": "z", "origin": [15.09409, 15.13509, 7.95]},
			"faces": {
				"north": {"uv": [0.5, 5.5, 1.5, 7], "texture": "#0"},
				"east": {"uv": [0, 5.5, 0.5, 7], "texture": "#0"},
				"south": {"uv": [2, 5.5, 3, 7], "texture": "#0"},
				"west": {"uv": [1.5, 5.5, 2, 7], "texture": "#0"},
				"up": {"uv": [1.5, 5.5, 0.5, 5], "texture": "#0"},
				"down": {"uv": [2.5, 5, 1.5, 5.5], "texture": "#0"}
			}
		},
		{
			"from": [8.38139, 14.7781, 7.55],
			"to": [9.88139, 16.1781, 8.55],
			"rotation": {"angle": -22.5, "axis": "z", "origin": [11.97555, 12.96318, 8]},
			"faces": {
				"north": {"uv": [0.5, 7.5, 1, 8], "texture": "#0"},
				"east": {"uv": [0, 7.5, 0.5, 8], "texture": "#0"},
				"south": {"uv": [1.5, 7.5, 2, 8], "texture": "#0"},
				"west": {"uv": [1, 7.5, 1.5, 8], "texture": "#0"},
				"up": {"uv": [1, 7.5, 0.5, 7], "texture": "#0"},
				"down": {"uv": [1.5, 7, 1, 7.5], "texture": "#0"}
			}
		},
		{
			"from": [8.7, 11.95, 7.55],
			"to": [11.2, 13.85, 8.55],
			"rotation": {"angle": 0, "axis": "y", "origin": [0, -4.5, 0]},
			"faces": {
				"north": {"uv": [5.5, 4, 6.5, 4.5], "texture": "#0"},
				"east": {"uv": [5, 4, 5.5, 4.5], "texture": "#0"},
				"south": {"uv": [7, 4, 8, 4.5], "texture": "#0"},
				"west": {"uv": [6.5, 4, 7, 4.5], "texture": "#0"},
				"up": {"uv": [6.5, 4, 5.5, 3.5], "texture": "#0"},
				"down": {"uv": [7.5, 3.5, 6.5, 4], "texture": "#0"}
			}
		},
		{
			"from": [5.7, 11.95, 7.55],
			"to": [8.2, 13.85, 8.55],
			"rotation": {"angle": 0, "axis": "y", "origin": [0, -2.6, 0]},
			"faces": {
				"north": {"uv": [4.5, 3, 5.5, 3.5], "texture": "#0"},
				"east": {"uv": [4, 3, 4.5, 3.5], "texture": "#0"},
				"south": {"uv": [6, 3, 7, 3.5], "texture": "#0"},
				"west": {"uv": [5.5, 3, 6, 3.5], "texture": "#0"},
				"up": {"uv": [5.5, 3, 4.5, 2.5], "texture": "#0"},
				"down": {"uv": [6.5, 2.5, 5.5, 3], "texture": "#0"}
			}
		}
	],
	"display": {
		"thirdperson_righthand": {
			"rotation": [39.09, 88.54, -43.77],
			"translation": [0, 2, 1.5]
		},
		"thirdperson_lefthand": {
			"rotation": [125.74, -81.98, 123.35],
			"translation": [0, 2.5, 1.25]
		},
		"firstperson_righthand": {
			"rotation": [170.75, -89, 180]
		},
		"firstperson_lefthand": {
			"rotation": [169.25, 86.75, 180]
		},
		"ground": {
			"translation": [0, 3.75, 0],
			"scale": [1, 0.99805, 1]
		}
	}
}